{
  "project_info": {
    "project_number": "887366233755",
    "firebase_url": "https://darrify-9c659-default-rtdb.firebaseio.com",
    "project_id": "darrify-9c659",
    "storage_bucket": "darrify-9c659.appspot.com"
  },
  "client": [
    {
      "client_info": {
        "mobilesdk_app_id": "1:887366233755:android:549427ea748aba8ec5603e",
        "android_client_info": {
          "package_name": "com.sneproj.darrify"
        }
      },
      "oauth_client": [
        {
          "client_id": "887366233755-p7mqv0u1m50vrf5sb9hk2vnlesksp4hk.apps.googleusercontent.com",
          "client_type": 3
        }
      ],
      "api_key": [
        {
          "current_key": "AIzaSyCfxABXny8yMnx42Tue09XgvrYTuL0jRMQ"
        }
      ],
      "services": {
        "appinvite_service": {
          "other_platform_oauth_client": [
            {
              "client_id": "887366233755-p7mqv0u1m50vrf5sb9hk2vnlesksp4hk.apps.googleusercontent.com",
              "client_type": 3
            }
          ]
        }
      }
    }
  ],
  "configuration_version": "1"
}